,평점,일시,감상평
0,8,2017.03.16 10:39,화성과 우주로 변주한 (다소는 어디서 본 듯한) 틴에이지멜로물이지만 주인공은 소년다움을 잘 연기했고 눈이 시원해지는 듯한 시각적 상쾌함도 있었다.다만 여주인공이이모뻘로 보여 몰입이 상당히 방해됨
1,9,2017.03.16 00:51,현실판 어린왕자느낌이났다. 소소하게 즐길수잇엇다
2,10,2017.03.16 10:26,이제 짐싸서 남친 구하러 화성으로 가야지!!! 훈내좔좔
3,10,2017.03.17 01:14,이 영화를 16살 때 봤더라면 나는 좀 더 뜨거운 삶을 살 수 있었을 텐데
4,10,2017.03.16 01:13,새로운 명품 감성 SF의 탄생. 영상미도 뛰어나고 에이사 버터필드 준수하다.
5,9,2017.03.17 21:29,사랑이야기로 시작해 가족영화로 끝난다. 온 우주는 거들뿐
6,8,2017.03.16 16:36,몇몇 장면이 읭스럽긴 했지만 미국의 다양한 예쁜 경치를 많이 보여주어서 좋았고  주인공  배우 2명의 합이 잘 맞았고 캐릭터도 굉장히 잘 어울렸다. 극 중 인물들의 나이를 감안하지 않고 보면 정말 괜찮은 영화. 에이사 에게 너무 잘 어울리는 역할이었음 
7,8,2017.03.16 21:56,움... 재밋는데...뭔가...점점...산으로가는듯한...??
8,6,2017.03.16 17:21,&#34;너 봄 감자가 맛있단다&#34; 여주가 별로라더니 리얼. 어디까지나 남주에 비해서지만 진짜 나이들어뵌다. 극중 내내 남주에게 극딜먹은 여주에게 심심한 위로를. 그리고 둘의 탈주극에 희생당한 창고와 3대의 차주들에게 묵념. 
9,7,2017.03.23 01:34,"아주 좋은 소재였는데, 너무 평이하게 풀어낸것 같다. 최고급의 고기와 최고급의 채소를 준비했는데, 그냥 삶아서 소금만 뿌린 기분. 좀더 재미있을수 있는 영화 같은데..."
10,7,2017.04.03 23:21,연기는 잘 했지만 여주가 7살이나 더 많더라. 비슷한 또래 중에 연기 잘하는 애들 찾았으면 더 좋을 뻔 했다.
11,9,2017.03.17 22:45,sf를 가장한 10대들의 로맨스물이긴 하나 지구에 살고 싶어하는 주인공의 절절함과 사랑이 감성 자극 OST와 함께 하니 너무나 절절하다.
12,10,2017.03.16 01:20,새로운 소재로 나날이 진화하는 SF 영화들. 마션과 컨택트 그리고 스페이스 비트윈 어스. 신선하고 감성적이다.
13,9,2017.03.16 18:44,혼자 보기고 좋았구요 연인과 함께 보기에도 좋을꺼 같아요
14,6,2017.03.17 10:21,예고편에서는 화성에서 혼자살아남는 것 처럼 보여주고 너무 러브스토리 쪽으로 이야기가 흘러갔다..   마지막 결말을 볼때 만족하지 못한다..  그냥 다 소년에게 사실을 말하고 해결을  했으면 둘다 윈윈으로 끝날텐데.. 너무 몸만 버린것 같다... 
15,1,2017.03.24 22:34,SF가 아니다. SF가 아니다. SF가 아니다. SF가 아니다. SF가 아니다. SF가 아니다. SF가 아니다. SF가 아니다. SF가 아니다. SF가 아니다. SF가 아니다. SF가 아니다. SF가 아니다. SF가 아니다. SF가 아니다. SF가 아 
16,6,2017.03.17 23:45,초반부는 흥미로웠는데 나머지는 그닥
17,7,2017.03.16 14:54,sf인지 드라마인지 로맨스인지..어린배역에 쓸데없는 감정로맨스가 방해됐다; 시도는 좋았으나 어중이떠중이 느낌
18,4,2017.03.22 23:07,출생의 비밀은 언제나 막장이다.
19,9,2017.03.17 12:27,에이사의청순함으로모든것이용서되는힐링무비
20,9,2017.12.25 00:57,남자주인공 너무귀엽고 순수해서 엄마미소지으면서 보게됨
21,5,2017.03.18 00:40,냉정히 작품성이 너무 떨어진다..
22,10,2017.03.16 16:19,신선한 소재의 줄거리와 영상미가 좋았습니다
23,5,2017.03.20 14:43,예전 영화 보고 남주땜시 봤는데 솔직히 돈 아까움여주는 남주랑 몇살 차이인지 모르겠으나 얼굴이 노안인지 엄마인줄ㅠㅠ어린아이들 감성인데 배드신?같은 요상한 장면도 나오고 이해 안되는 장면으로 몰입도 떨어짐
24,1,2018.03.16 01:50,"비유하자면, 투플러스 한우 송아지 꽃등심으로 소고기 김밥 만들어 먹은 영화임."
25,1,2017.05.07 18:54,진짜 한개주기도 아까움..전개성 1도 없고 비행기타고 우주가고ㅋ아빠가 알고보니 박사였고 이 무슨 혼종인가박사가 남주 엄마가 임신해서 실망했다고 해놓고서 나중에 아빠라고하네ㅋ여기 별점 후하게 주신분들은 댓글알바세요?
26,1,2017.03.19 02:12,"흥미로운 주제, 준수한 영상과 배경음악을 막장에 조잡하기까지한 스토리가 전부 망침. 그냥 주제와 관련된 재밌어 보이는 스토리를 생각나는데로 막 우겨넣어서 쓴듯한 느낌. 개연성도 없고 정말  뜬금없는 장면이 계속 나옴. "
27,3,2017.03.25 11:41,영화 존나 대충 만드네... 꼴랑 이거할라고 지구왔냐 존나 소박하네
28,9,2017.03.16 12:50,꽤 뻔한 스토리지만 잘 만들어진 SF로맨스물. 남주에 비해 여주가 너무 늙어보여요.. 감정선 몰입을 방해할 정도로....
29,6,2017.03.17 00:36,"▶화성에서 온 소년, 지구의 소녀와 사랑에 빠지다! ▶경쾌한 음악과 아름다운 경관속에 펼쳐지는 러브스토리! ▶다소 진부한 스토리... 어디서 많이 본 듯한 내용들이 섞어 나온다! 여러편의 광고를 보고 나온 느낌이다! "
30,1,2018.03.16 05:00,"사춘기애들  감정얘기를 화성이나 우주, 나사 등등이랑 엮어서 풀기엔 몰입도가 너무 떨어졌다"
31,4,2017.03.20 02:43,그래요 집나가면 개고생맞아요 그게 다른행성일지언정^^^&& 끝
32,6,2017.04.02 06:23,근 미래 과학적인 설정을 해놓고..정작 기본적인 화성 지구간의  20~40분 이상의 통신 시차 조차 이해하지 못하고 스토리를 써내려갔다. 단지 로맨스를 우주 공간까지 확장해 치장한것에 불과한 인상....
33,10,2017.03.16 11:37,신선한 우주영화!! 정말 볼만한 영화!! 다들 꼭 보세요~ 시사회로  보고왔는데 정말 탄탄한 영화임!!
34,6,2017.03.21 14:37,"좋게말하면 동화같고 버터필드 예쁘고 약간 팀버튼 영화 느낌. 나쁘게 말하면 보는내내 읭? 그리고 뭔가 부족한 느낌 사랑하는 친구, 연인을 찾으러 지구에 온건지 가족을 찾으러 온건지 모르겠고 대체 애아빠는 어디서 뭐하나 했더니.. 기대를 너무 많이 한듯 "
35,8,2017.03.20 09:57,남자주인공 참 잘 선택했다 싶은 영화.
36,10,2017.03.17 15:43,오랜만에 힐링됫던 최고의영화 꼭보세요.. 신선한소재와 아름다운 배경의 조화.. 좋은영화만들어주셔서 감사합니다!! 가드너는 사랑입니다..♡
37,10,2017.03.16 16:56,요즘 날씨와 잘 어울리는 기분좋아지는 영화네요:)
38,10,2017.03.16 19:45,에이사 버터필드 페레그린 때도 좋았는데 이번에도 좋았음!
39,8,2017.03.29 17:26,"기대이상으로 즐겁게 잘 봤다. 도입부 게리 올드맨의 연기가 좋았고, 남주의 연기도 나름 좋았다. 하지만 차를 3번 훔치는 동안 한 번도 경찰의 추적을 받지 않다니..."
40,7,2017.03.23 21:43,이런 영화에 고증은 상관없는데 전개가 넘 빠름 감정선이 부족함.
41,10,2017.03.16 23:05,정말 기다리던 영화였는데 오늘 개봉한 날 친구랑 같이 봤어요 정말 재미있었고 갑자기 급전개인건 놀랐지만 남주여주도 너무 이쁘고..?남주 외모에 반했습니다!
42,8,2019.01.12 05:27,멜로물은 안좋아하지만 재밌게 봤다.단지 여배우가 실제로도 나이가 많아서 전혀 10대로 안보이는 바람에 몰입도가 떨어졌다. 만약 10대 여배우나 좀 더 어려보이는 여배우였다면 더 재밌었을거 같았다.
43,3,2017.03.27 14:13,Sf를 가장한 막장하이틴 드라마~~  아 스토리 그지같다.
44,2,2017.03.25 17:40,아이들 수준에 맞춘 어린이 영화.
45,9,2017.03.17 23:13,금방 보고 왔는데 지구에서 사는 일이 단조롭게 느껴지시는 분들 추천드려요 ~~볼만 했어요!
46,10,2017.03.17 14:06,말이 필요 없음 스토리도 그렇고 음악도 그렇고 전부 좋다
47,9,2017.03.19 17:13,나만 펑펑 울었다ㅜㅜㅜ  .  남주 잘생김!!
48,5,2017.03.19 01:05,시사회로 보고왔어요. 남주가 정말 사랑스럽게 나옵니다. 진짜 화성에서 태어났을법한... 소재도 신선해요. 다만 감독이 이걸 잘 풀어내지 못했어요. 많은걸 보여주고 싶어했지만 뭐 하나 확실하게 해낸건 없다는 느낌을 받았어요.돈주고 보면 많이 아까웠을듯. 
49,2,2017.09.21 23:21,유치하다 남자주인공 얼굴빼고는 볼게 없었던 영화ㅠ 뻔하고 뻔한 내용의 연속이다 전혀 sf아님ㅎㅎㅎ
50,6,2017.03.31 06:57,굳이 안 알려줘서 사서 고생...
51,6,2017.03.28 11:39,그럭저럭 볼 수 있는 영화
52,10,2017.03.18 10:16,좀 급전개가 있긴했지만 너무 재밌었어요!
53,10,2017.03.17 13:02,sf를 기대하면 실망할 수도있지만 그위에 펼쳐지는 로맨스를 본다면 흐뭇하게 보고있는 나자신을 발견할수있음
54,1,2017.04.08 23:26,아아 짜증난다....내 돈 ㅅㅂ
55,8,2017.03.20 16:52,노래 영상미가 좋았던~
56,7,2017.03.17 23:03,밸루... 영화관에서 볼 정도는 아니라고 생각이 드네요.몰입도 떨어지고.. 좋았던 건.. 남주의 훌륭한 외모와 영상미.그 외는 음슴. 갠적 생각입니다아.
57,10,2017.03.16 09:25,캬 이거 죽이네..ㅎㅎㅎ
58,10,2018.03.16 02:22,지구를 갈망했던 소년은 결국 누군가의 지구였다
59,1,2017.04.02 17:17,개 노잼 막장 하이틴 로맨스. 진짜 뻔하고 진짜 유치하다....
60,5,2017.03.19 01:58,초반부만 흥미로웠던 미국판 막장 하이틴!
61,2,2017.03.19 01:16,소재는 좋았지만 많은 것을 넣으려고 하다보니 뭘 말하고 싶은건지 모르겠네요.. 너무 기대하고 봐서 그런지 실망이 컸습니다ㅠ
62,10,2020.02.05 22:41,소재가 신선하고 스토리도 짜임새 있어요ㅎㅎ 잘 만든 영화입니다. 잔잔한거 못보는 분들한테는 호불호가 갈릴 것 같네요. 영화배경도 아름다워서 보는 맛이 있어요. 웜바디스가 생각나는 영화예요
63,10,2018.09.07 17:09,난 이거보고 울었다 펑펑울었다 안울수가없었다 젠장
64,10,2018.06.04 04:12, 이거 진짜 꼭 보세요  진짜 대박이에용 ㅜㅜ  완전 힐링 되는  수퍼 힐링 로맨스  진짜 신기 했던건  진행이 얼마나 빠르고 자연스러운지 도대체 시간이 언제 간지도 모르고 봤구요  단 일초도 지루할 틈이 없는 완벽한 영화에요  ㅠㅠ  배우도완벽 
65,5,2018.03.16 01:25,"소재, ost, 화면, 배우들까지 모두 다 좋았지만, 스토리 구성이 너무 복잡하고 가볍게 느껴져 모든게 다 아까울 정도였다. 좀 더 잘만들지...흡사 자동차 선전같았다."
66,9,2018.02.22 11:40,취향저격~생각했던거 보다 훨씬 재밌게 봤음~
67,8,2018.01.24 02:08,지구와 사랑에 대해서 알려주는 영화 계속해서 나오는 풍경들은 지구를 더욱 사랑하게 만들고 남자 주인공은 우리를 더욱 솔직하게 행복하게 살 수 있도록 가르쳐주고 있다. 이 영화는 주인공의 특별한 설정 속에서 우리의 소중함을 일깨워준다. 
68,10,2017.11.24 21:50,"이 영화의 주연 에이사가 '화성 소년' 이라는 이미지를 너무 잘. 표현한 것 같다.마무리가 열린 결말이라 좀 아쉽지만,배우들 연기랑 표정이 다한 영화."
69,8,2017.09.19 17:10,가드너 연기도 좋았고 훈남..키도 크네..? 사실 화성이나 우주는 그저 배경일뿐.. SF인줄 알고 봤지만 멜로였던... 그래도 소재는 신선했던 것 같다. 화성에서의 출산.. 과학자들 손에 키워진 아이.
70,1,2017.08.23 00:37,애들이 중2병 질병 수준  영화도 수준이하
71,3,2017.05.13 01:04,더럽게 재미없네 ㅎㅎㅎ
72,8,2017.04.09 00:28,특이한 스토리와 남주의 좋은연기가 인상적이었음
73,7,2017.03.30 21:28,"""넌 지구에서 가장 좋은 게 뭐니?""""그건..당연히 너!""...라고 말해줄 누군가가 옆에 있었으면"
74,10,2017.03.30 19:55,간만에 걸작을 보았다 이런게 진짜 영화인거 같다 ㄷㄷㄷ
75,7,2017.03.27 23:27,스토리가 후반으로 갈수록 아쉬운 부분이 있지만 영상미도 있고  재미있는 영화다.
76,5,2017.03.26 01:42,뭐랄까 남주 눈망울과 여주 노랫소리만 기억난다요내용이 산으로 가다가 엔딩은 그나마 괜찮은 듯
77,7,2017.03.21 21:41,영상미에 감탄했어요 그리고 늘어지지 않는 스토리도 좋았고요~ 가드너의 대사 하나 하나가 제 마음을 울리기도 또 웃게도 만들었네요^^ 영화 잘 봤습니다
78,9,2017.03.21 01:24,"정말 감동적인 영화였다. 너무 아름다웠고 안타까웠고 그래서 더 감동적이었다. 평점 중에 어린왕자라는 얘기가 있었는데, 그 말이 정말 꼭 맞는 것 같다. 그 평가덕분에 좋은 작품을 선택할 수 있었다. 님아 고맙다. 보면서 보고나서도 행복하다. "
79,10,2017.03.20 11:45,내용이 산으로 가는 감이 있지만 재미는 있었음.
80,10,2018.03.13 14:54,남주의 비주얼만으로도 10점.힐링되었음ㅋ
81,5,2017.10.23 22:14,"우주는 거들뿐. 10대 멜로영화로 이런저런 감동 포인트를 야트막하게 조합하여 만든 느낌. 지구를 원하는 화성인의 절절함, 멋진 풍경과 예쁜 영상은 장점. 영화찍을당시 남주가 19세 여주는 26세다보니 또래로 보기 어려운 느낌이 살짝 있다. "
82,1,2017.03.30 00:06,그냥 하이틴 로맨스.... SF아녜요 시간버림
83,1,2017.03.27 15:19,"공들인 쓰레기..,."
84,1,2017.03.26 10:45,중국이 끼어들면 다 이렇게 됨
85,1,2017.03.25 06:11,절대 보지마라 .... 진짜 재미없다 sf아니다
86,1,2017.03.25 05:05,영화 대충 만드네.. 내가 이걸 왜 보고있지 이런 생각만 함
87,1,2017.03.25 02:10,재미없는 영화 입니다...
88,8,2017.03.17 01:15,예상했던 분위기와는 다르게  신선하구 독특해용   재밌게잘봄~~
89,9,2017.03.16 21:54,신선하고 달달했다. 적절한 bgm과 아름다운 영상이 좋았다
90,8,2017.03.20 12:50,"전반적으로 괜찮지만, 화성에서 지구까지 빛으로도 13 내지 14분이 걸린다. 그런데 어떻게 실시간 통신들을 하는 것으로 묘사하는지..."
91,10,2017.03.17 23:58,이렇게이쁘다는말에 심쿵을 ㅋㅋ또보고싶다
92,10,2017.03.16 17:24,에이사 버터필드 넘 매력적이네요 역시 잘컸어~~~~ ㅋㅋㅋㅋ 데이트 무비로 딱!
93,9,2020.05.08 04:23,에이사 버터필드 넘 매력적이네요 역시 잘컸어~~~~ ㅋㅋㅋㅋ 데이트 무비로 딱!
94,2,2020.05.01 01:37,갑자기 아빠가 바뀌는 막장드라마 수준이네ㅋㅋㅋ
95,5,2020.03.19 02:53,여주가 열살이나 어린역을하니 이지경이 되지..보는 내내.클로이 모레츠가 했으면...했다. 어차피 로맨스로 갈거
96,1,2020.03.17 07:34,로맨스 막장 스토리 영화에 화성에서 태어난 화성인이라는 신선한 sf재료로 지평선을 넓히려한 영화. 그 독특한 소재마저 침뱉고 오줌갈겨 버무린 듯 비과학적인 연출로만 억지로 채운 찝찝한 영화
97,2,2020.02.23 00:19,영상미는 좋다. 나머지는 최악.전개 느리고 대사 하나하나가 유치하다.전혀 극적이지 않은데 극적인 흉내.
98,10,2020.02.03 11:48,사랑은 사랑이다. 정말. 그 끝을 알아도. 그 끝을 몰라도. 이 순간을 위해 모든것을 사는. 나이가 어리든. 화성과 지구만큼 떨어져 있어도
99,10,2019.11.29 00:12,넘나 몰입되는..아름다운 지구와 소년소녀. 그 사이의 우주...
100,6,2019.11.22 22:51,좋은 소재인데 이야기가 10대 로맨스로 흘러가다보니 산으로 가버렸다 SF쪽에 촛점을 뒀으면 좋았을 텐데..
101,10,2019.11.11 00:30,남주잘생겻고 스토리도 갠찮고 신선하다3번까지 돌려보고싶다
102,7,2019.09.20 16:15,소재가 참 좋은데 그 소재를 잘 활용하지 못하는 느낌.. 우주라는 공간을 더 잘 활용했으면 좋았을 것 같다. 그래도 순수하고 예쁜 성장 스토리 한 편을 본 것 같아 기분이 좋았다
103,10,2019.08.07 10:12,저기..나만 좋았나? ㅋㅋ 근데 에이사 아니였으면 안 봤을 거 같긴하다. 순수한 사랑을 보여줬다는거에 좋은평을 주고싶음.
104,6,2019.07.05 20:41,신선한 소재는 좋다. 하지만 이 감독은 항상 자기만의 낭만에 취해 신나게 혼자 산으로 간다. 요리를 할줄 모르면 매뉴얼이라도 읽어봤으면 하는 마음이었는데.. 전복을 가지고 라면에 넣어먹는 느낌이랄까.
105,1,2019.06.23 22:31,"난잡하기 끝이없는 영화. 우주, 사랑, 출생의 비밀, 모험 등 끔찍하기 그지없다"
106,9,2019.01.20 11:15,사람들이 감성이 없네..
107,7,2018.11.12 00:11,SF 가미한 하이틴 로맨스물
108,1,2018.10.28 06:00,응 개똥 판타지급 십대영화
109,2,2018.10.22 18:47,볼 거라곤 남주인공의 미모밖에 없음
110,10,2018.08.15 13:30,색다른 로맨스네요...^^10점 드립니다
111,10,2018.06.29 15:20,"재미와 감동~! SF로맨스는 첨 인것 같은데, 정말 재밌고 감동 깊게 보았습니다."
112,10,2018.06.01 15:49,평점이 안 좋아서 영화관에서 안 봤는데 지금 보니 엄청 후회된다. 영상미도 예쁘고 이상하게 눈물이 펑펑난다. 아사 버터필드 멋있고 여주도 좋다.언젠가 다시 이 영화를 보고 싶다...
113,10,2018.05.30 22:36,잔잔하고  예쁜 영화 에이사 버터필드 얼굴 보려고 봤다ㅠㅠ
114,9,2018.05.11 17:40,남자주인공이 살린영화
115,10,2018.03.28 19:21,가드너 ㅈㄴ 사랑스럽다ㅠㅠ
116,4,2018.03.20 16:02,엔더스게임 꼬맹이가 언제 이리 컷지..? 완전 훈훈*-_-* 영상미도 너무 이쁘고 좋았습니다. 하지만 영화 자체는 그닥이네요ㅎ 걍 화면이랑 남주보는 재미로 봤어요
117,6,2018.03.20 15:51,SF 설정에 신선한 소재. 내용은 소소한 감동과 풋풋한 감성 로맨스. 좀 더 SF 적인걸 기대했다면 실망스러울수도. 아버지가 누구인지는 좀 예상되는. SF영화라기보단 청춘 성장 로맨스 드라마. 그래도 불편하진 않은 전개와 결말 마무리였다. 
118,8,2018.03.20 15:47,별기대안했는데 좋았습니다.! 청소년들이 많이 보면 좋겠어요 뻔한듯 안뻔하고 신선했습니다 주인공들이 신선해선가?
119,8,2018.03.20 15:45,아빠 찾아 삼만리 ....
120,7,2017.12.30 10:50,영화니까 가능한 얘기들뿐
121,10,2017.12.30 05:59,굿~ 좋아서 두 번 연속으로 본 영화
122,7,2017.12.23 22:22,신선한 소재의 감동적인 SF 로맨스. 다만 좀 늘어지는 느낌이 있다.
123,8,2017.10.22 23:38,영상미가 진짜 예쁘다1
124,1,2017.08.23 01:32,어째서... 네이버 평점은 0.5 점이나 0점을 줄 수 없는 것인가..
125,10,2017.08.22 16:27,가볍게 즐길 수 있는 훈훈한 영화
126,10,2017.08.07 15:38,재밌어요 휴가다녀온기분
127,10,2017.08.06 20:58,핵잼 꿀잼  추천 !! !!
128,10,2017.08.04 18:24,나는 재밌었다. 끝ㅋㅋ
129,10,2017.07.19 05:00,영상미도예쁘고 영화자체도너무예쁨
130,8,2017.06.25 20:51,에이사가 운전하면서 직설적이게 고백할때 심장이 철렁세상에 너무 스윗하잖아 ㅠㅜ
131,1,2017.05.14 20:18,전개방식이 너무 터무니 없음
132,7,2017.05.11 14:09,생각보다...재미가 없었다
133,2,2017.05.10 09:58,요즘 10에 5은 중국자본 영화인데 중국자본 영화엔 엉성함이 많이 담겨있음...이 영화도 충분히 재미난 소재임에도 불구하고 작은 씬들을 그냥 대충 흘려보내보려서 살리지못함... .
134,7,2017.04.10 20:57,아버지가 반전이지만 결말 훈훈하고 소재도 독특하고 좋다
135,7,2017.03.31 11:44,임산부가 걸리지않고 화성간다는 설정빼면.. 완전 새로운 관점에서 보는 화성관련영화
136,6,2017.03.31 00:19,우주는 인간의 등장을 미리 알고 있었던 것 같다.
137,6,2017.03.30 19:27,SF 적인 요소보다  10대 로맨스물에 가깝다.
138,7,2017.03.30 01:40,10대에 봤다면 정말 재밌을 영화였는데 나이가 들어서 그런가 하하.
139,6,2017.03.26 05:29,크그릇에 소소한내용이 담긴 드라마랑 같다.(아빠찾아 3만리정도?.뻔한내용이지만 훈훈한 드라마 다소 큰릇에 소소한 내용이라는점이 아쉬움이 크다.굳이 거창하게 화성까지갈필요도없는내용
140,5,2017.03.26 00:16,우주의 간극도 초월해버리는
141,4,2017.03.25 09:42,솔직히 말해서 작품성이 떨어짐. 평소에 로튼토마토 좀슈같은건 안보고 보는데 이건 그 이유를 알겠음.
142,6,2017.03.22 12:18,남주 잘생긴거 외엔 볼거없음
143,10,2017.03.21 23:05,에이사가 굉장히 잘생겼다.... 대미친 우주존잘
144,5,2017.03.21 17:02,기대에는 못 미치지만 나름 재밌게 봤습니다
145,10,2017.03.20 21:40,지루하지 않게 잘봤네요  추천합니다
146,10,2017.03.20 21:37,영화의 전반적인 분위기가 기존 우주 소재 영화와는 달라서 좋았고 하이틴이라고 하나? 밝은 10대 들의 분위기를 잘표현한 것같아요 . 주변 배경에서의 색감도 너무이쁘고요
147,10,2017.03.20 09:05,감성적이고 색감이 진짜 예뻤어요.  잘 봤습니다.
148,10,2017.03.20 00:08,게리 올드만형님 오랜만이에요
149,9,2017.03.19 23:43,잔잔한 여운이 남는 그런 영화였습니다
150,10,2017.03.19 22:12,완전 진짜 대박 완전 순수한느낌의 주인공이 진짜 너무 좋아용~~ 요즘에는 조금 흔하다고 생각할수는있지만 완전 순정 사랑을 보고싶다면 이거 보는것도 괜찮은것 같아요
151,10,2017.03.19 22:10,생각보다 괜찮은 영화네요~
152,10,2017.03.19 21:54,이건 썸타는 사람이랑 꼭 같이 가서 보세요~ 강추!
153,10,2017.03.19 20:25,진짜  재밋게봣습니다  보시는거추천드려요~
154,9,2017.03.18 19:34,지루하지않았음 비현실적인부분있음
155,8,2017.03.17 17:50,"나도 공대생이지만, 이런 요물을 공대생들이?"
156,10,2017.03.17 00:05,버터땅 우주대남신ㅜ 그냥 닥찬ㅜ 너무 어려보여서 여주가 상대적으로 더 늙어보이는거 말곤 시간 가는줄 모르고 봄
157,10,2019.01.30 06:00,"화성 외톨이와 지구 외톨이가 만나  세상을 사랑하게 되는 이야기.. 자신이 있는 곳을, 자신이 있을 곳을 사랑하게 되는 이야기.. 너무 아름다웠어요"
158,6,2018.09.10 03:21,천문학적인 금액을 투자한 우주사업이 어떤 욕심많은 임산부에 의해 폭망하는 영화
159,5,2018.06.28 23:04,"아니 무슨 12세 관람가인데 키스하고, 옷벗고 누워있는 장면 나오나요,, 관람기준이 어떻게 정해지는지 모르겠지만, 아빠랑 둘이서 잘보고 있다가 겁나 ,, 채널돌림... 쓸데없는 로맨스를 너무 진하게 넣은듯,,"
160,10,2018.03.11 23:28,화성인과 지구인의 로맨스
161,10,2017.11.19 03:33,너무너무 좋았다 영상미도 그렇고 내용도 맘에 든다
162,10,2017.10.11 05:14,마음이 따뜻해지는 좋은 공상과학영화이다.
163,7,2017.04.27 10:30,영화는 재밌는데 여주나이가 너무많아 ㅋㅋㅋ
164,10,2017.04.09 10:47,이영화를 볼 수 있게 되어서 너무 행복합니다
165,10,2017.04.05 09:34,남주가 진짜 쩌네요.. 연기까지.. 강동원 업글판 -_- 반면 여주는 대체 왜 이모를 캐스팅한건지.. 돈내고 출연했나? -_-
166,7,2017.03.19 12:30,최초의 화성인!! 새로운 곳에 갈수있는 용기!! 풋풋한 사랑과 감동
167,1,2019.01.13 18:26,우주영화가 아닙니다. 우주영화가 아닙니다.
168,1,2018.03.20 15:39,소년은 소년인데 소녀는 아줌마 같다
169,1,2018.03.16 01:35,아.. 소아성애자들 진짜 역겹다.. 어떻게 어린 남자한테까지 성욕의 마수를 펼칠수가있어?
170,10,2017.03.19 20:21,수빈아 사랑해 나랑 결혼해줘!
171,10,2017.03.16 10:15,화성남자와 지구소녀의 로맨스! 소재로 벌써 반은 먹고 감 ㅎㅎ 영상이 이쁘고 둘만 봐도 설렌다
172,5,2017.03.16 15:32,아름다운 영상미와 적절한 개연성 몰입도 다만 아쉬운부분은 여주와 남주의 나이차이..?
173,8,2020.06.06 18:28,
174,9,2020.05.31 15:50,오랜만에 뭉클한 감동과 재미를 선사함. 아 진짜 좋네요~~
175,8,2020.05.30 20:14,내 여자친구는 도둑년.
176,8,2020.05.20 22:48,큰 스케일에 소박한 스토리
177,10,2020.04.17 12:05,
178,7,2020.03.29 02:18,"공간의 제약은 문제되지않는 순수한 10대들의 사랑. 가볍게 보기에 나쁘지 않았다. 아무것도 모른채, 경험해보지 못한 그때의 풋풋한 첫느낌,첫사랑의 경험.."
179,10,2020.03.15 02:57,
180,8,2020.03.12 20:17,
181,10,2020.03.07 00:22,모든게 너무나 아름답다
182,9,2020.02.27 23:35,신선한 내용.. 동화 어린왕자가 생각나내 근대 브릿 로버트슨에게 미안하지만.. 미성연 연기인대.. 너무 삭았다.. 분장좀 잘하지
183,7,2020.02.24 15:40,스토리는 미흡하지만 주연들의 연기가 탄탄해서 나름 볼만했던 영화
184,6,2020.02.16 01:33,
185,10,2020.02.10 00:06,소재도 연출도 볼만한영화~~
186,10,2020.02.09 03:42,좋다
187,8,2020.02.09 00:16,갖혀 살던 공주님이 세상 밖으로 나와서 남자주인공을 만나는 그런 스토리의 반대 상황에 SF 요소가 베이스로 깔린 영화라 생각하면 될듯...로맨스 말고의 감동도 있음....엔더스게임의 에이사버터필드 하나 믿고 본 영화...잘생김에 눈 호강 
188,6,2020.02.06 19:43,결말만 잘 만들어주지 그랬어... 작가가 쓰다가 도망갔나요?
189,8,2020.02.05 23:18,재밌고 신선했어요.  늘상 보는 지구가 이토록 아름다운지 새삼 실감하네요.화성 소년 시각에서 보니.짜안했네요.부모도 없는 화성으로 돌아가는 소년을 보고.
190,5,2020.02.03 12:27,그냥 특별히 볼 거 없을 때 보는 킬링타임용. 물음표 뜨는 장면이 너무 많고 점점 산으로 간다.
191,4,2020.01.22 03:13,영상미가 좋지만 영화는 그게 다가 아니잖아요..? 전개가 너무 이상해 두서가 없어 그치만 에이샤는 첨부터 끝까지 예쁩니다 그거땜에 끝까지 참고 봤어요
192,10,2019.12.15 00:59,평점좀 올리자 . 흥행은 생각 안하고
193,10,2019.10.15 15:00,간만에 재미있게 본 영화입니다
194,8,2019.09.19 09:31,여주인공이 엘르패닝 이었다면 참 좋았을 것을..
195,6,2019.09.19 09:15,화성에 돌아가야되나?무중력장치는 뒀다 뭐할려고
196,8,2019.09.19 08:48,이모와 소년의 풋풋한 사랑
197,4,2019.08.03 23:19,"보는 내내 위화감. 여주 10대 역할. 그런데 이상하게 노안임. 영화 2/3쯤 여주 이마 주름살 각인된거 확인하고 으헉 올스톱, 프로필 확인. 칼라 구기노 71년생 49세... 헐..."
198,9,2019.07.27 20:16,미국이 저렇게 예쁜가하는 경탄이 나오게 하는 영화~여주가 좀 별로긴 하다~케미가 쫌~!
199,10,2019.07.12 11:09,신선한 소재로 뻔한 스토리 였지만 남주의 푸른 눈동자 하나로 아름다운 청춘미 가득 채운 영화였다. 생각없이 보면 마음 뭉클해지고 좋음
200,7,2019.07.10 09:06,잘만들었는데 액스트라들이 지구에서 쓴마스크가 트리포드 이지브레스 스노클링 빨때만뺀 마스크 임 내가 쓰는거 ㅋㅋㅋ 것땜시 좀깨네 제작비좀더 쓰지 아오 ㅋㅋ 웃기네 영화자체는 볼만함
201,10,2019.06.30 19:37,에이사 버터필드 때문에 10점~~여주는 정말  아쉽ㅠㅠ
202,8,2019.06.24 01:30,다 좋은데 여주 캐스팅이 좀..
203,8,2019.06.23 15:32,남주가 여주보다 더 이뻐서 초반 몰입에 방해가 된게아쉬운데 소소하게 재밌었음남주의 순수한연기가 영화살림
204,4,2019.06.17 11:50,이런 허접한 스토리에 화성을 들이밀필요 있을까이건 이도저도 아닌 그저그런 영화이런 전계 너무 식상ㅈ해
205,10,2019.01.18 18:34,재밌을 것 같네 ㄹㅇ루다가
206,10,2019.01.10 11:59,진짜 현실판 어린왕자인듯 ... 주인공이 너무 순수해서 ㅋㅋㅋㅋ 난 재밋게 봣어요 ...
207,6,2019.01.10 05:47,계속 재밌게 보다가 마지막부터 전개가 이상하게 되는듯 갑자기 여친 앞에서 자살시도는 왜하냐 아임 유어 파더도 뜬금포고 이것만 빼면 완벼크
208,8,2018.12.29 22:04,오랜만에 예쁘장하고 잘생긴 남주봐서 좋았음ㅋㅋ걍 킬링타임용 영화.눈정화하고픈 사람은 보세요
209,10,2018.11.29 00:26,좋은 노래+아름다운 장면+여운남는 스토리=명작
210,7,2018.11.18 17:16,"혼자있어도 외롭고, 여럿에 둘러쌓여있어도 외롭다. 인간은 항상 외롭다. 누군가를 갈구한다. 생각을 하게 만드는 영화. 납득안가는 스토리 억지스러운 부분 빼곤 좋은 영화였다."
211,8,2018.11.16 23:23,12세ㅠ관람가라서 사촌동생이랑 보는데... 중간에 그렇고그런부분때매 당황
212,10,2018.10.21 17:42,이쁜 영화..누구나 한번쯤 봐도 시간 안아까움
213,10,2018.10.07 11:00,너무 재밌어요!(구매자)ㅋㅋㅋ
214,7,2018.09.27 18:52,뭔가 아쉽지만 볼만하네요^^;
215,10,2018.09.17 19:31,"강력 추천! 말 그대로 ‘너와 나 사이의 우주’로다. 이 영화 아주 대단해요. 그리고 반전은 아예 생각도 못했어. 감독님 센스가 아주 만점이셔요! 역대 화성을 다룬 영화 가운데 단연 최고, 브라보~!!!"
216,7,2018.07.06 22:52,우주와 멜로의 적절한 조합
217,7,2018.06.28 23:03,그동안의 우주 영화랑은 다른 이야기라서 좋았다 지구가 얼마나 아름다운지도  알게되고. 좀 더 잘 만들 수 있지않았을까라는 아쉬움은 든다 유치함과 감성사이에서 유치함쪽으로 기운것같다 그리고 10대 사랑이야기에서 남녀 주인공의 비주얼이 중요한데...아쉽다 
218,1,2018.06.28 20:23,"화성인 연기를 할려면 제대로 하던가 지구인의 ""화성인""연기를 하네"
219,5,2018.06.22 16:50,완전 아줌마 여주인공하고 어린 남주인공 하고 이거 거의 범죄수준 연예물
220,9,2018.05.19 17:56,사랑과 과학이 적절히 섞인 아름다운영화
221,10,2018.01.09 14:23,"아사버터필드 나오는 건 이제 꼭 다 영화관에서 봐야겠다는 생각을 했다. 기대없이 봤는데 정말 내 취향의 영화였음. 수려한 외모와 멋진 여주, 아름다운 영상미 최고!"
222,9,2017.12.24 00:02,제대로 다시 한 번 보면 푹 빠질듯한 영화. 버터필드 정말 페이스 멋있던데?
223,5,2017.10.04 21:35,설정에 맞춰 딱딱 들어맞게 이끌어가는 참으로 영화같은 영화
224,9,2017.09.20 14:50,정말재미있어요.♡♡
225,10,2017.09.18 00:49,"오랜만에 정말 재밌게 본 영화 감동, 재미 모두 잡아서 대성공 작품"
226,10,2017.09.17 20:55,히에 쪼아아이 러브 잇 에이사 버터필드 사랑해
227,8,2017.09.15 19:47,색다른 사랑이야기가 간절하게 다가온다
228,8,2017.09.09 01:57,"평보다 확실히 나은 영화. 우리가 상상하고 있는 그 세계를 그대로 창조해냈다. 너무나 현실적인 문제이며, 배역에 맞는 캐스팅과 연기력 모두 최고."
229,6,2017.09.03 08:12,결말이 뻔해서 슬픈영화
230,9,2017.08.28 22:45,잔잔한 요소와 로맨스 우주의 풍경과 영상미가 좋네요 간만에 좋은 영화 추천
231,7,2017.08.27 20:07,재밌엇어요. 추천해요 ^^~~
232,8,2017.08.24 02:43,전개가 썩 매끄럽진 않지만 시각적 쾌감과 잘 어울리는 배경음악. 지구에서 가장좋은 것은 역시 사랑이라는 해답.
233,9,2017.08.22 16:44,지구가 더욱 더 아름답게 보이는 것은 그기에 사랑이 있기 때문이 아닐까? 이 영화 이후로 사랑에는 국경도 없다는 말은 옛말이 되었다.
234,7,2017.08.22 08:22,근친이냐 여주가 엄마뻘이네
235,6,2017.08.15 21:30,단순한 이야기 구조에 비해 영상미와 음악은 좋다. 그래서 단순한 이야기마저도 동화같이 보인다: 현대판 어린왕자
236,9,2017.08.15 00:02,보고나서 예상밖의 감동을 받았네요. 스토리가 참신하고 좋아요~ 잔잔한 감동도 있고 예상밖의 수작 느낌!
237,7,2017.08.10 21:27,의미있게봤지만... 남녀주인공이 한컷에 있을땐 엄마랑 아들 같이 보여서 몰입이 잘 안되더라는ㅠㅠ
238,6,2017.07.30 10:24,순수하고 아름다운 영상미 알찬 구성 하지만 너무 과한 연출
239,4,2017.07.26 14:51,어린왕자 공들인 지루함~
240,6,2017.07.05 18:20,진부한 전개와 스토리에 상업적인 영화 그 이상도 이하도 아니다.
241,8,2017.06.25 04:30,적당한 멜로+적당한 sf+적당한 감동 = 적당한 평점 ㅇㅇ
242,10,2017.06.10 02:57,지금까지 본 영화중에서 가장 재미있게 보았고 끝부분에서 정말 감동있게 봤습니다. 시간이 되면 한번 보시는거 추천드립니다 :)
243,8,2017.06.06 10:42,외모 지적인지는 모르겠으나 노안인 정말 여주인공은 미스 캐스팅. 유일하게 아쉬운 점.
244,8,2017.05.28 16:12,여주인공이 조금 거슬리긴 하는데... 재밌음
245,1,2017.05.24 21:16,서양애들도 이런 막장 스토리를 만드는구나.
246,8,2017.05.22 23:32,소년의 시점에서 본 지구가 너무나 아름다웠던 영화
247,8,2017.05.20 19:27,스토리..OST..청춘들의 연기가 잘 어우러진 영화..예상치 못한 반전도 있음 그이름하야..Dad..^&^
248,8,2017.05.20 00:03,어린왕자를 본듯하다.
249,3,2017.05.16 21:32,개인적인 의견이지만 스토리 나열이 엉망이다
250,8,2017.05.16 19:08,먼 미래에 실현될지도 모르는 익스트림 장거리 연예
251,7,2017.05.15 14:24,엄마 찾아 수억만리. 또 다른 엄마의 사랑이 필요한 소녀와 함께 성장하는 드라마. 보이는 아버지를 찾고 걸은 새 엄마를 만나 꿈을 이뤄가는 마지막 장면이 뭉클.
252,10,2017.05.13 13:42,주인공 개 귀여움ㅋㅋㅋㅋ( 나 남잔데 ㅋㅋㅋ)
253,8,2017.05.11 03:09,감성적인 영화  많은 생각을 가지게 해주고 주인공 시각이 너무 재밌었습니다.
254,10,2017.04.24 10:15,에이사와 잘 어울리는 배역에 영상미도 이쁘고 가볍게 보기좋은 로맨스영화
255,8,2017.04.23 17:09,"화상에서 태어난  남주라는 소재가 참 순수하게 느껴졌고,남자 주인공의 연기가 매우 좋았지만 여자 주인공이 나올땐 좀 별로였다."
256,8,2017.04.23 09:22,우주를 모티브로 한 한 소년의 성장 이야기. 화성에서 태어난 아이가 지구로 온다는 설정도 재밌고 매력적이다. 명쾌한 스토리라인. 편안하게 즐기면 된다.
257,8,2017.04.23 04:57,생각보다 신선했습니다
258,9,2017.04.21 17:10,솔직히 재미는 있었음. 근데 주연 여자와 가드너의 몇몇 행동이 내 관점으로는 이해가 되지않았음
259,8,2017.04.20 21:32,"우주 소재는 항상 신선한 것 같습니다. 뒤로 갈수록 막장 전개에 반전도 심하지만, 시간 날렸다는 생각은 들지 않네요."
260,5,2017.04.20 15:24,해피앤딩 10대 로맨스영화
261,9,2017.04.20 01:09,큰재미 보단 잔잔하고 따뜻하다.
262,7,2017.04.19 19:55,에이사 버터필드와 브릿 로버트슨 팬이라 재미있게는 봤는데...스토리가 좀....
263,9,2017.04.17 13:40,헐 몽달귀신이 아니었네 쉐키 운이 좋아
264,7,2017.04.17 09:32,7.5점 SF 청춘 드라마
265,7,2017.04.16 21:37,대단한 상상력 괜찮은 연출. ET를 봤던 어린 시절의 그 느낌.
266,10,2017.04.16 14:04,에이사 존잘 근데 뭔가나중에  아빠 밝혀졌을떄 읭 했음
267,7,2017.04.12 22:08,나쁘지 않았지만 그렇다고 명작은 아니였다..
268,10,2017.04.11 07:47,잔잔하고 재미있었어요~ 시사회로 본거지만 돈을 주고 봐도 아깝지 않네요
269,10,2017.04.10 18:17,미국만 가능한 영화...ㅎㅎ
270,9,2017.04.03 23:16,"주인공 소년이 소녀와의 감성전달이 뚜렷이 나타나게  연기를 잘했고, 전체적인 흐름이 지루하지 않고  몰입도가 꽤 있었음."
271,10,2017.04.02 04:34,SPACE BETWEEN US !
272,8,2017.04.02 00:24,보는내내 남주 걱정되서 마음 쫄깃함둘이 너무 애틋함여주가 남주에 비해 너무성숙한거같아둘이 캐미가 좀 글긴함
273,9,2017.04.01 17:18,좋다♥♥♥♥ 역시 믿고보는 아사버터필드♥
274,8,2017.04.01 01:42,"유치한 애들 사랑놀음이라 생각할수도 있지만, 잔잔한 감동도 있고 생각보다 볼만했습니다."
275,9,2017.03.31 23:19,무모한 여행을 꿈꾸게 해줬다
276,10,2017.03.31 21:42,감성 SF 짠했다. 스토리 설정 좋았고 배우들 연기도 일품이였다. 엔딩도 좋았다. 아마도 가까운 미래의 우리 인류의 모습일 것이다.
277,7,2017.03.31 12:04,새로운 소재라 독특하네요
278,10,2017.03.31 10:30,우주영화계의 한 획을 그을만한 영화
279,10,2017.03.30 18:36,"영상미도 음악도 괜찮았습니다. 그래픽도 사실적이고 설정도 억지스럽지도 않았으나, 두 주인공의 나이 설정이...? 그래도 재밌게 관람했습니다."
280,4,2017.03.30 17:45,진작에 Im your father 한마디면 될 것을.. 그런 아버지 찾으러 가다가 사랑을 찾아서 끝..
281,10,2017.03.30 04:11,감사합니다잘봤습니다
282,10,2017.03.30 02:04,너는 내 첫사랑! 끝사랑!
283,9,2017.03.30 00:22,유치했고 어딘지모르게 막장스러웠지만그런것을 조아하는 나로서는 굉장히 재미있었다ㅋㅋㅋ두번볼거다...지구의 장점은 rain~!! 가장 생각나는 대사였고 그 이후에 비오면 새로운 마음으로 보게되었음..9점인 이유는 여주가 남주에비해 넘나리 삭았다ㅠ0ㅠ!! 
284,9,2017.03.29 01:40,"내가 결혼을 결심했던,이세상 그무엇보다 더 소중했던, 첫사랑을 만났던게 16살일때인만큼 배경, 상황은 다르지만 그누구보다 절실히 와닿았고 공감하며 보는내내 펑펑 울었다.. 신선함속의 절대적인 공감..누구라도 절실하고 진정한 사랑을 해봤다면 공감했을거다 "
285,8,2017.03.29 00:35,청소년 로맨틱 영화 배경을 우주로 넓혔다고 해야하나..^^ OST배경음악이 좋았어요. 멋진 풍경도 좋았구요.
286,10,2017.03.28 19:19,재미난다재미난다너므재미난다
287,8,2017.03.28 12:43,"너무 순수해서 눈물이 났어요 ㅠ 영상미,음악,남주인공,반전까지 버릴게 없네요. 살짝살짝 비현실적인 부분은 아쉽지만 영화라고 생각하고 집중해서 보니 2시간 금방~"
288,8,2017.03.28 11:43,아이가 좋아해서 봤네요. 우주영화의 새로운 관점!!
289,8,2017.03.28 00:54,이젠 동화같은 로맨스도 SF다!!! 참신한 소재 ^^
290,9,2017.03.27 21:03,화성인이 지구인을 사랑했어요.:
291,10,2017.03.27 20:50,좋은 사람과 사는 것이 삶이다. 딱~좋~아~~~!!!
292,9,2017.03.27 19:49,짧은 시간에 내가 안해본걸 저리도 많이 해보다니.. 정말 인생 헛살았다 싶다. 밤하늘의 별을 이불삼아 사랑하는 연인과 함께하는 밤은 정말 부럽다.넌 지구에서 가장 좋아하는게 뭐야? 놀라운 경치도 음식도 좋지만 가장 좋은건 사랑하는 사람이겠지.. 
293,8,2017.03.27 13:44,Sf는아니고멜로임 그냥볼만함
294,9,2017.03.27 02:37,눈물이 넘 많이 나옴..ㅠ
295,10,2017.03.26 23:12,7점정도가 적당한 평점인듯. 약간의 막장끼가 다운하다.
296,10,2017.03.26 17:11,신선하다는 다른 평이 와닿네요.. 헐리웃이 아니면 만들수가 없죠.. 슬픈현실
297,10,2017.03.26 16:10,"별 볼일 없던 인생에 채팅으로 만난 남친이 알고보니 대기업 사장 아들, 그를 진심으로 위하는 모습이 간부의 눈에 들어 신부 수업을 받게 되는 훈훈한 스토리"
298,9,2017.03.26 14:22,화성에서 온 어린 왕자가 보낸 캘리포니아의 휴일~
299,8,2017.03.26 13:13,해피엔딩이어서 참 다행이야~~ㅋㅋ
300,8,2017.03.26 11:41,약간은 다른 스타일이면서 잘 만들어진 스페이스 오페라 한 편 ..
301,7,2017.03.26 10:08,10대 가족영화로 보기에 딱 좋은듯
302,7,2017.03.26 00:10,따뜻한 우주소년 성장 로맨스
303,10,2017.03.25 21:46,여기서 sf와 현실성을 찾는 사람들은 뭘까요?Sf 보고싶으면 인터스텔라 보면 될텐데
304,10,2017.03.25 21:24,정말 로맨틱하고 수수하고 우주적인 요소가 더해저 내용도 신선하고 배경.음악.연출이 뛰어나다고 생각되네요 스토리도 너무 흥미진진하고 마지막 순간까지 눈을땔수가 없엇네요 인생작중 하나가 될듯하네요
305,10,2017.03.25 19:17,♥너무조음!!설레뮤ㅜ
306,8,2017.03.25 13:41,"잼있게 봤어요.그냥 볼만한.,.,"
307,7,2017.03.25 11:51,우주와 로맨스를 한데 모으다
308,8,2017.03.25 11:21,막 웃기게 재밌진않지만 그냥 평범한 로맨스영화였어요
309,9,2017.03.25 10:15,액션을 좋아하는 사람입니다 왳이영화가 너무 재밌곺 행복한가욥
310,10,2017.03.23 21:15,진짜 너무 좋은 영화였어요!!!
311,9,2017.03.23 16:36,완전 재밌음!!!!ㅠ
312,9,2017.03.23 10:13,반전도 살짝있고 나름 재미있게 보았습니다
313,8,2017.03.23 07:15,아무생각없이 봤다가. 푹 보고말았다.
314,9,2017.03.23 01:50,로맨틱 + 감동있네요볼만하구요. 잔잔한 행복감을 주는 영화
315,10,2017.03.22 21:17,따뜻한 영화예요!ost도 정말 좋았아요!
316,7,2017.03.22 16:23,"재미와 감동, 그리고 약간의 반전은 있으나 뭔가 2%가 부족하다는 느낌임"
317,10,2017.03.22 09:28,너무나 심쿵하게 만드는 순수한 남주의 대사들!!  오랜만에 기분 좋아지는 로맨스 영화 봤네요~~
318,10,2017.03.21 23:52,"오랫만에 힐링하는영화. 정말 생각해보지못해서 최초의 화성인과 지구인의 만남. 크 캐릭터 개성 또한 아주 뛰어나서 보는 내내 단순 배우들 얼굴만이 아닌 연기력에서 한번 놀라고 특히 영화에 빠져들게 만드는 ost, 풍경들 감탄이 절로나오는영화. "
319,10,2017.03.21 23:37,전반적으로 잘된영화고 볼만했어요. 이제 화성의 왕래는물론 여행이나 거주가 가능한 시대에 살면서 멀지않은 장래에 있을 수 있는 얘기라서 공감하면서 보았고 이해가 잘 되는 내용이었습니다.우주와 지구 환경의 차이를생각하게 하는군요.고화질 고차원적인 내용임 
320,8,2017.03.21 22:32,나름 볼만했던 영화 ^-^
321,10,2017.03.21 21:32,미녀와 야수보다 훨 재밌구만. 사람들은 이걸 왜케 안보지 이해가 안가네. 가장 아름답고 슬픔이 있지만 모두가 해피엔딩한 이런영화 기대않고 봣는데 최고였다.
322,10,2017.03.21 18:08,처음엔 심심한대갈수록 재미지네요
323,9,2017.03.21 16:09,스토리☆☆☆☆  연기력 ☆☆☆☆ 영상미 ☆☆☆☆.☆ 재밋게 봣네요 툴사가 빨리 우주인이 되서 화성으로 날아갔으면~
324,8,2017.03.19 22:44,화성에서만 살다 지구로 온 소년의 모습이 너무 순수하고 아름답고 귀여웠다. 스토리도 좋았고 소년과 소녀의 사랑 이야기도 좋고 장면들도 아름다웠다. 하지만 결말이 아쉬웠던 영화였다.
325,10,2017.03.19 20:42,걍 에이사 하드캐리입니다
326,10,2017.03.19 17:59,영화보는 내내 계속 눈호강 함
327,8,2017.03.19 16:25,풋풋한 틴에이지 로맨스. 조금 부자연스런 부분이 거슬리긴하지만 가볍게 보긴 쏘쏘
328,8,2017.03.19 14:30,"보면서 굳이 필요했나....? 이런 의문이 드는 몇몇 장면들이 있었고, 여주의 나이가 의심되기는 한데 대체적으로 재밌었습니다. 특히 노래를 정말 잘 활용했다고 생각합니다. 큰 기대없이 시간없을때 보기에 좋은 영화인듯 "
329,10,2017.03.19 11:54,노래도좋고 스토리도 좋음 화성에서 자란 아이라니..낭만적이야
330,10,2017.03.19 11:32,순수하고 아름다운 사랑
331,9,2017.03.19 02:44,생각보다 깊이있는 내용이아님....그냥 무난하게 볼수있음!취향은 많이탈수있을뜻
332,10,2017.03.19 02:40,화성인의 순수함. 솔직한 감정 표현. 소녀의 마음을 연다.최고
333,10,2017.03.18 23:29,꼭보세요 전 두번보러 갑니다ㄱㄱ
334,7,2017.03.18 23:07,중고등학생들을 위해 만든 영화를 아재가 봤으니 재미 있을리가 없지.
335,10,2017.03.18 20:17,"어린 에이사의 혼신의 연기,화성도 지구도 모두 아름답다.강추!!!"
336,10,2017.03.18 19:52,영상미가너무이쁨 친구랑편하게앉아서 소설보는느낌
337,9,2017.03.18 18:12,사랑이 주는 따뜻함이 모든 것을 설명할 수 있다.
338,10,2017.03.18 17:09,하이틴로맨스를 보고싶다면...!!영상미도 예뻐요ㅎㅎ
339,10,2017.03.18 15:35,남주가 너무 잘생겼으며 스토리도 감동적이었다
340,10,2017.03.18 12:26,"일단 에이사 너무 잘커서 영화 속에서 세상 사랑스러움, 순수함 다 보여주고 풍경과 오에스티 완전 개꿀이고 에이사 마지막 말 명대사였다 에이사 팬이라면 꼭보세요"
341,10,2017.03.18 10:40,"봄햇살같은 어린청춘의 사랑이야기 .. ""너에게갈께 ""   , 오래전 첫사랑의 두근거렸던  순간이 떠올라  입가에 미소가 지어졌다."
342,10,2017.03.17 18:22,"영상미,내용,연기 다 생각보다 좋았다. 너무 요란하지 않으면, 너무 잔잔하지도 않은게 딱 좋았다."
343,9,2017.03.17 16:21,이유없이 눈물났어요 ㅇㅅㅇ ... 너무 재밌음
344,10,2017.03.17 15:51,남주를 보러가시오♡눈을뗄수가업네
345,10,2017.03.17 11:34,화성소년과 지구소녀가 만나 아름답게 그려진 순수한 감성 로맨스.
346,9,2017.03.17 10:21,전 너무 좋았영상도 스토리도 혼자 조용히 봤는데 너무 좋았습니당
347,10,2017.03.17 04:19,보면서 울었다. 너무  잼있는 성장드라마...
348,10,2017.03.17 02:04,정말 아름다운영화 입니다.
349,10,2017.03.16 13:57,소중한 것을 찾아 떠나는 희망의 여정♡ 정말 재미있고 감동적인 작품이네요 ^^ OST도 완전 대박! 절대 강추입니다♡♡
350,6,2019.07.27 19:36,여주 나이 검색하게 만드는 영화 여주 왜 이렇게 나이 들어 보이는 배우를 캐스팅했는지 주인공 또래에 맞는 10대 여배우를 캐스팅하지
351,9,2019.06.05 08:33,평범함의 소중함을 일깨우는 영화
352,10,2019.05.27 08:14,소재 맘애들고 분위기좋고
353,10,2019.05.05 00:44,좋은 영화는 여운이 남는다는데 이 영화가 그렇네요.
354,10,2019.04.21 21:25,가드너 ㅠㅠ 너의 순수함이 여운을 남기는구나...
355,10,2019.04.21 11:07,재밌게봤다. 화성에서 살수있다는 즐거운 상상과 What is yor favorite in earth? 에 대한 질문도 나에게 해본다. 영화에서는 사랑과 가족이라는거네.
356,10,2019.03.02 00:24,★★★★명작★★★★
357,10,2019.02.19 04:30,가볍게 시간 때우기용으로 보려했는데 의외로 너무 재밌게 잘봤어요~
358,10,2019.02.07 07:01,너무너무 동화같은 이야기. 로맨틱했어.
359,10,2019.01.11 01:00,부담스럽지 않은 우주영화 느낌 ㅎㅎ 주인공들이 너무 잘 어울렸고 중간에 마음을 울리는 몇몇 대사와 장면이 있어서 감동했다 꼭 보길 추천한다
360,6,2018.03.16 02:21,연기 주인공들이 잘해서좋았어용
361,10,2018.03.16 00:46,존잼..에이샤 버터필드는 여전히 잘생겼음 ㅜㅜ..
362,10,2018.03.10 01:04,ㅜㅜㅜ존잼 ㅠㅠ남주진짜존잘이다 SF하이틴영화 ㅋㅋ
363,5,2017.10.12 18:54,주인공은 잘생겼고 내용도 신선해서 이해와 집중은 잘되었지만 전체적으로 보았을때 조금 시시한 영화이다.
364,2,2017.10.04 22:58,영화보는 내내 대책없는 행동에 답답함
365,8,2017.10.01 00:20,대단친 않아도 충분히 볼만했다.
366,10,2017.09.28 13:00,너와 나. 그리고....
367,10,2017.09.02 11:29,취향저격...♡ 멋진 영화였습니다
368,10,2017.08.23 11:23,SF 조아하는 사람이라면   달달한  로맨스를 원한다면 추천 합니다 ^ ^
369,7,2017.07.29 05:18,내용은 볼만하다. 단 툴사랑 가드너 실제 나이차가 7살 차이고 영화속에서는 더 나이차가 들어보여 친구라고 하기엔 좀 몰입이 안되었다. 툴사역에 다코타 패닝이나 페이튼 리스트가 연기했다면 좀 더 낫지 않을까 생각된다. 
370,7,2017.04.30 21:57,I'm your father....마지막 반전이 아닌 막장
371,1,2017.04.26 12:51,"실소가 나오는 쓰레기같은 영화. 개연성도 떨어지고, 설명도 제대로 안되었으며 뭘 보여주고 싶은지 감독도 잘 모르는것 같다. 소재는 흥미로웠음."
372,4,2017.04.09 21:11,ㅎㅣ바ㄹ 아침드라마 찍나요? 개막장이네...
373,6,2017.03.29 11:33,영상미 빼고는 그냥....
374,6,2017.03.28 14:17,영상미만 마음에 들었던 영화... 뒤로갈수록 스토리전개가 뻔해짐...
375,4,2017.03.28 02:31,전형적인 십대 소녀 취향의 화성인 성장담
376,5,2017.03.27 17:00,차라리 멜로 이야기 분량을 더 늘렸어야...
377,7,2017.03.27 11:49,화성소년과 지구소녀의 애틋한 사랑이야기
378,6,2017.03.27 02:00,동화같은 얘기를 듣기엔 내가 너무 늙었나? 지루함이 최대의 걸림돌
379,10,2017.03.26 22:08,"가볍게 볼 수 있는 유치한 멜로영화, 하지만 b급 유치함이 아닌 감성적인 유치함 그래서 죽어가면서도 선택을 내리는 가드너의 모습을 이해하고 응원할 수 있다"
380,7,2017.03.26 16:02,무난하게 볼만하긴 했는데...남주는 소년인데 여주는 이모급임...보니까 실제 나이차도 좀 있네...여주 캐스팅 에바야~ 7점
381,6,2017.03.26 12:26,킬링타임용으로 나쁘지않았다
382,10,2017.03.26 03:38,이정도면 수작인듯..가족영화에 메시지도 좋음..결국은 혼자라고 느낀 사람들이 혼자가 아니라는 사실을 알게되고 새로운 사람을 만나게 되고 그러면서 더불어 살아간다는것을 알게해줌..그게 화성과 지구와 같이 먼거리에 사는 사람들일지라도 제목과 너무 잘어울림 
383,9,2017.03.25 20:21,미국여행 땡기는 영화 (그리고 10땐 눈만 봐도 불타오름) 평론가 여러분도 이제 노인네 인증임
384,2,2017.03.24 22:15,나만 지루한건가 재미가 별루
385,6,2017.03.24 14:20,기대이하...스토리부터해서 제일 실망한건 여주 미드돔에선 매력있어보였ㄲ는데 완전별로
386,3,2017.03.22 19:51,예고안보고 줄거리만읽고갔는데 기대했던sf는 아니였거 그냥 드라마
387,2,2017.03.22 13:34,노잼 평점이 왜이렇게 높은지 노이해
388,9,2017.03.20 20:58,과다행복증.나도 지구에서 비를 좋아해.
389,7,2017.03.20 19:41,The Space Between Us
390,9,2017.03.20 19:41,SF 로맨스 코미디. 살짝 델마와 루이스가 생각나기도 함. 재밋어요. 강추
391,9,2017.03.20 17:24,소재도 특이하고 볼만 했어요~~
392,10,2017.03.20 14:24,썸 타는 15 - 18세 관람불가!! 큰일나요 완전 감성 폭팔이라 ...권태기 결혼5년 차 이상 부부들 꼭 보셔요 ...  참 좋아요너무 큰 기대는 접으시구요...   반전기대!
393,2,2017.03.19 10:56,12세 이용가는 역시 12세 이용가네요..
394,9,2017.03.18 22:00,내용이좋고 재미있네요
395,8,2017.03.17 07:59,"훌륭한 영상미, 지독한 순애보 좋다. 하지만 여러영화를 하나로 본듯한 느낌은 좀 불쾌하다"
396,10,2017.03.16 22:03,인생영화...감동도있고 너무 재미있다.
397,10,2017.03.16 21:27,최고 최고  영화 입니다  꼭  보세요 후회 안합니다  진짜  넘  좋아요  감동  사랑  기타등등  넘  좋아요  시나리오  잘  듣고  영화 보세요  넘  좋아요  최고 입니다
398,9,2017.03.16 20:15,영상도 예쁘고 마지막에 나오는 노래 좋음!
399,10,2017.03.16 20:04,"보는 내내 행복하고 기분 좋은 영화. 잔잔한 감동과 소소한 행복, 아름다운 지구와 우주. 감미로운 음악까지. 영화관에서 처음으로 두 번 본 영화."
400,10,2017.03.16 13:49,"우주판 하이틴 로맨스인가, 이거 ㅠㅠㅜ 너무 달달하고 사랑스럽고 아름답다. 마지막에 조금 읭스러운 부분이 있긴 했지만 에이사만으로도 충분히 10점 받을만 함!"
401,10,2018.03.16 02:19,"눈물  주룩주룩 , 꼭봐요"
402,10,2018.03.16 02:17,눈살 찌푸리는 장면없는 예쁜 영화네요
403,5,2017.03.20 19:46,그냥 그랬습니다 여주는 귀엽고 매력있네요ㅋㅋㅋ
404,1,2017.03.18 21:00,어이없고 유치한 영화. 니켈로디언 어린이 드라마도 아니고..소재는 신선했으나 뭘 말하고 싶었던 건지 모르겠다.
405,1,2017.03.18 16:32,난 니들 안믿어. 니들 믿고 보면 실망할거거든
406,5,2017.03.16 00:57,어중간한 멜로... 어중간한 드라마...
407,9,2019.06.13 19:12,마치 내가 멋진 모험을 한 것 같은 영화.
408,10,2019.06.01 01:48,에이사 버터필드 잘생겼고 소재 신박해서 재밌게봤어요!
409,10,2019.04.14 17:04,아..눈물이 왜 계속나는지ㅜ... 영화이면서도.. 참 가슴아프고 묘하네요ㅜ
410,10,2019.01.13 00:27,"해피앤딩같은 새드앤딩이네요 ㅠ, 중간 이후 스토리르 조금만 더 다듬었으면 AI급 SF,드라미 장르가 나올수 있었을텐데 아쉽네요"
411,1,2018.11.11 04:23,저 남자랑 여자가 경비행기 몰다가 집 폭파시켜버리는데 집에 사람살았다면 살인자인데 너무 그냥 넘어가네. 살인미수인데
412,8,2018.08.27 02:51,여주만 좀 나이때에 맞는 배우를 썼으면 좋았을텐데 그게 너무 아쉽다 27살에 동안도 아닌데 도대체 왜 캐스팅 했을까
413,6,2018.03.16 01:35,Bd웡 누구 닮았는데jQuery22409943360381263135_1521131650993
414,6,2018.01.31 01:36,"소년용 무비처럼 보이나, 주제 이것인지 저것인지 뭘 말하고 싶은건지 그냥 화성은 배경일 뿐인건지. 그렇다고 주인공 심리를 대변하는 그 무엇도 없다. 중2병영화라 그런가? 성인은 이해 불가능..."
415,8,2017.11.01 01:23,다스베이다가 말했다  '아임 유어 파더'
416,3,2017.10.18 20:35,역시 평점이 균등한 것에는 이유가 있다.
417,9,2017.08.26 23:45,"이영화가 지구와 화성간 시간차가 있음에도 실시간 채팅이 가능한 것처럼 따지는 것은 아닌 것 같다!! 결국 수많은 모순점과 문제가 있어도 결국 사랑하는 사람이 중요하다는 것이고, 멋진 풍경과 소년의 순수한 마음으로 잘 믹스된 괜찮은 작품!! "
418,1,2017.06.28 07:59,보면서 어이없는점이 한두가지가 아니였다 다보고나니 뭘본지 모르겠다
419,7,2017.05.03 17:58,영상미와 음악 ost가 돋보인영화. 영화 설정자체는 좋치만 뻔한연출.. 하지만 이영화보다 눈물을 흘렷다.. 뭔가슬픔 남주인공이 연기가좋았다
420,10,2017.04.09 19:36,ㅠㅠ결말이 너무 뻔할거같아서 기쁜장면에서도펑펑울었다 너무심취한듯 남주에감정에 나는꿀잼 결말도맘에들었다
421,10,2017.04.09 08:35,지루하지 않고 재밌게 잘본 영화
422,10,2017.04.08 13:34,sf 로맨스영화의 대가
423,8,2017.04.05 08:12,미래 화성에서 사는 사람들~  영상미 뛰어나고..
424,10,2017.04.03 17:55,인생영화! 로맨스 감동 sf 나름의 개그 요소도 있고 눈과 귀가 즐겁네요
425,8,2017.03.30 22:36,작위적인설정보다는 광활한 지구의 아름다운 풍광 그리고 음악 멋진 배우들 비쥬얼..그렇게 머리식히기엔 최고의 영화였음
426,9,2017.03.30 12:51,"화성에간 여성리더의 임신과 출산, 의외의 시작과 가드너의 부모와 지구에 대한 의구심과 사랑을 위한 사투가 감동적이었다. 아이와 함께한 시간이 오래도록 기억되어 미래의 아이인생에 조금이라도 도움이 되었음 좋겠다."
427,9,2017.03.27 19:09,순박하다 이 단어를 몇OO동안 잊고산거같다 이영화  순박하다
428,7,2017.03.27 18:47,주인공이 화성에서 지구로 왔을때 잠깐 까진 괜찮았는데 급  어정쩡하게  로맨스로 흘러가는게 산으로가는 느낌이었다. 차라리 그런 요소들은 빼고 주인공이 다른 경험들을 하는 장면으로 넣었음 하는 아쉬움이 있었다.  가볍에 보기엔  좋은 영화였다. 
429,10,2017.03.27 01:37,훈훈 그자체 ㅎㅎ사랑스러움 ㅎㅎ
430,10,2017.03.26 15:21,어린왕자를 읽는 느낌이었다 그의 순수한 마음에 이 살벌한 세상살이에 잠시나마 위로를 받을수 있어서 좋았다
431,10,2017.03.26 13:02,평이 너무박하다 10대로맨스라고는 생각도안했고 몽롱하고 부드러우면서 진솔한 이야기/밤하늘과우주가아름답고 중간의 흑백영화의여운도 위트와 마음에드는개그코드였던 영화 좋음좋음
432,8,2017.03.20 08:48,하이틴영환데 영상미있어요
433,10,2017.03.20 03:07,엔더스~ 엔더스 게임에서 이제 화성여행하고 지구온거니? ㅋ
434,10,2017.03.19 13:52,내용이 사랑과 전쟁3같았으나 볼만했다남주얼굴이 다함
435,9,2017.03.19 12:43,재밌어요 재밌어요재밌어요
436,9,2017.03.19 11:32,영상과 음악이 좋아요^^
437,10,2017.03.19 07:52,정말 재미있게 봤어요 또 볼래요
438,8,2017.03.19 02:07,여친의 폭풍리드에 첫키스 하자마자 바로 관계로 이어지다니... 남주가 부럽다
439,10,2017.03.19 01:43,올해 본 영화 중에 가장 좋았다 여주가 좀 아쉽지만 에이사  미모 열일 ㅠㅠ 다시 영화관에서 시청할 예정인 영화!!
440,7,2017.03.19 00:13,평범합니다. 무난정도.
441,8,2017.03.18 23:47,소재가 되게 좋습니다 재미있었어요.
442,5,2017.03.18 20:29,"유치함ㅜㅜ차 훔치고, 하늘을 날고, 불까지 내고완전 양아치"
443,9,2017.03.18 00:42,"로드무비, 화성에서 지구로 이어지는 긴 여정을 멋진 음악과 풍경과 신선한 이야기로 잘 짜놓았다"
444,10,2017.03.18 00:41,재밌었네요 에스에프영화
445,10,2017.03.17 21:19,광활한 자연 그대로와 순수한 인간의 감정
446,10,2017.03.17 07:11,너무 재밌고 에이사 너무 잘생겼어
447,1,2018.01.31 20:08,진짜  노잼  본 시간이  아까움
448,2,2017.08.24 22:58,어이읍는게 그짓하러왔다가는듯한 느낌 ㅋ
449,5,2017.03.20 16:26,흥미로운 소재에 어정쩡한 틴에이지 감성을 섞으면 똥이 된다는 걸 알려준 아쉬운 작품.
450,2,2017.03.19 18:40,미녀와 야수 볼걸.... 내용이 좀 별로였습니다 그리고 여배우캐스팅이좀...
451,2,2017.03.19 17:24,진짜 원래 영화 평점 안 남기는데 이건 남겨요너무 재미없으니까 조심하세요스토리에 개연성이라고는 없습니다음악과 영상 아름답습니다그게 전부인 영화
452,8,2017.03.19 08:47,"작품성이 막 뛰어난 영화라고 볼 수는 없지만, 그래도 보고 나서 기분이 좋아지는 영화였다."
453,4,2017.03.18 14:16,응 노재미 보면 정말 돈낭비 아 내돈 내 1만원 만든
454,6,2017.03.17 16:55,그닥... 모험/드라마/로맨스/반전까지.. 너무 많은 것들을 담으려 했다. 과유불급.
455,1,2019.01.21 15:21,증오하는 사람에게나 추천하고 싶은 영화
456,2,2018.01.16 19:20,순수한 청춘의 사랑을 그린다면서 시종일관 사기꾼짓하는 여자친구 캐릭터 때문에 어이없고 몰입 방해됨. 괜히 화성에서 왔답시고 불치병 코드 넣고 애절한 사랑처럼 보이도록 했으나 보다보다 욕나오는 영화. 에이사버터필드가 갈수록 실망스러운 작품만 한다. 
457,6,2017.10.03 20:45,여주인공이 90년생인데 남주인공보다 7살이 많네요.실제로도 그렇게 보여요.
458,1,2017.03.30 04:09,하이틴 영화라고 좀 써놨음 좋겠다. 이딴 스토리에 돈을 얼마나 쓴거야
459,1,2017.03.22 13:29,애들한테 꿈을 심어주는 영화를 만들어야지 애들한테 환상을 심어주는 영화를 만들어서는 안된다 제발 현실적으로좀 살어라 이것들아  화성이주? 장난하냐? 대기권 밖에 나가자마자 우주방사선에 노출되서 인간 수명 줄어드는데 이주? 꿈이나 많이 꾸세요 ;; 
460,1,2017.03.21 15:52,아.. .씨 ...괜히봤네 4점짜리영화
461,2,2017.03.18 22:59,제목이 인터스텔라2로 바꿔야 되는거 아님...?ㅋㅋㅋㅋ
462,1,2017.03.19 20:39,야 너무한거 아니냐 내가 30년동안 살면서 영화를 다 안보고 나간적은 처음이다 진짜 내돈 8000원 내놔!
463,8,2017.03.27 23:49,아니 그래서 애아빠가 누군데??? 내가 어디 장면을 놓쳤나???
464,7,2019.01.24 03:11,소재는 좋은데 그걸 다 살리지 못함 개연성은 뭐 그냥 틴에이지 물이니까 봐줄만한데 결말이 영~ 심장이식을 한다거나 툴사가 임신을 해서 최초의 우주혼혈인을 낳는다거나..
465,10,2018.03.16 02:19,스토리 ost 소재 분위기 다 마음에 들었음오랜만에 미국감성과 연애세포가 살아나는 느낌
466,10,2018.03.16 01:58,그런데 진짜 거지같은 평론가는 왜 존재하는거지  저 찌끄레기들이 8점이상 주는걸 못봄 그렇게 OO같이 할거면 지들이 10점 줄 영화를 찍던가.. 개똥논리로 비판하는 비평가들
467,7,2019.01.21 10:25,게리 올드만이 아빠입니다
468,10,2018.03.16 02:11,여주 머리묶지말길 머리풀면 이쁜데 머리만 묶으면 이모가 되버려서 남주랑 케미깨짐
469,6,2018.03.02 23:55,주인공 얼굴빨. 아버지가 안 죽어서 유감스럽다.
470,1,2017.03.16 13:13,7샬  연상의 여주 미스케스팅으르 인해 몰입감이...
471,1,2018.04.28 07:51,멍청한 여자들 보라고 만든 하품 나오고 머저리같은 영화
